#	Name	ПАРТІЯ/РЕГІОН
1	Абдуллін Олександр Рафкатович	політична партія Всеукраїнське об'єднання "Батьківщина"
2	Агафонова Наталія Володимирівна	ПАРТІЯ "БЛОК ПЕТРА ПОРОШЕНКА"
3	Алексєєв Ігор Сергійович	Політична партія "НАРОДНИЙ ФРОНТ"
4	Алєксєєв Сергій Олегович	ПАРТІЯ "БЛОК ПЕТРА ПОРОШЕНКА"
5	Амельченко Василь Васильович	Радикальна Партія Олега Ляшка
6	Андрієвський Дмитро Йосипович	м. Київ
7	Антонищак Андрій Федорович	ПАРТІЯ "БЛОК ПЕТРА ПОРОШЕНКА"
8	Арешонков Володимир Юрійович	Житомирська область
9	Ар’єв Володимир Ігорович	м. Київ
10	Артеменко Андрій Вікторович	Радикальна Партія Олега Ляшка
11	Артюшенко Ігор Андрійович	Запорізька область
12	Бабак Альона Валеріївна	Політична партія "Об'єднання "САМОПОМІЧ"
13	Бабенко Валерій Борисович	Політична партія "НАРОДНИЙ ФРОНТ"
14	Бабій Юрій Юрійович	Політична партія "НАРОДНИЙ ФРОНТ"
15	Бакулін Євген Миколайович	Луганська область
16	Бакуменко Олександр Борисович	ПАРТІЯ "БЛОК ПЕТРА ПОРОШЕНКА"
17	Балицький Євген Віталійович	Запорізька область
18	Балога Віктор Іванович	Закарпатська область
19	Балога Іван Іванович	Закарпатська область
20	Балога Павло Іванович	Закарпатська область
21	Бандуров Володимир Володимирович	Запорізька область
22	Барвіненко Віталій Дмитрович	Одеська область
23	Барна Олег Степанович	Тернопільська область
24	Батенко Тарас Іванович	Львівська область
25	Бахтеєва Тетяна Дмитрівна	Політична партія "Опозиційний блок"
26	Безбах Яків Якович	Дніпропетровська область
27	Береза Борислав Юхимович	м. Київ
28	Береза Юрій Миколайович	Політична партія "НАРОДНИЙ ФРОНТ"
29	Березенко Сергій Іванович	Чернігівська область
30	Березкін Станіслав Семенович	Кіровоградська область
31	Березюк Олег Романович	Політична партія "Об'єднання "САМОПОМІЧ"
32	Бєлькова Ольга Валентинівна	ПАРТІЯ "БЛОК ПЕТРА ПОРОШЕНКА"
33	Білецький Андрій Євгенійович	м. Київ
34	Білий Олексій Петрович	Політична партія "Опозиційний блок"
35	Біловол Олександр Миколайович	Харківська область
36	Білозір Оксана Володимирівна	ПАРТІЯ "БЛОК ПЕТРА ПОРОШЕНКА"
37	Білоцерковець Дмитро Олександрович	ПАРТІЯ "БЛОК ПЕТРА ПОРОШЕНКА"
38	Бобов Геннадій Борисович	Черкаська область
39	Богдан Руслан Дмитрович	Полтавська область
40	Богомолець Ольга Вадимівна	ПАРТІЯ "БЛОК ПЕТРА ПОРОШЕНКА"
41	Богуслаєв Вячеслав Олександрович	Запорізька область
42	Бойко Олена Петрівна	Політична партія "НАРОДНИЙ ФРОНТ"
43	Бойко Юрій Анатолійович	Політична партія "Опозиційний блок"
44	Бондар Віктор Васильович	Хмельницька область
45	Бондар Михайло Леонтійович	Львівська область
46	Брензович Василь Іванович	ПАРТІЯ "БЛОК ПЕТРА ПОРОШЕНКА"
47	Бригинець Олександр Михайлович	ПАРТІЯ "БЛОК ПЕТРА ПОРОШЕНКА"
48	Бриченко Ігор Віталійович	Політична партія "НАРОДНИЙ ФРОНТ"
49	Бублик Юрій Васильович	Полтавська область
50	Бурбак Максим Юрійович	Чернівецька область
51	Бухарєв Владислав Вікторович	Сумська область
52	Вадатурський Андрій Олексійович	Миколаївська область
53	Валентиров Сергій Васильович	Запорізька область
54	Ванат Петро Михайлович	Політична партія "НАРОДНИЙ ФРОНТ"
55	Васюник Ігор Васильович	Політична партія "НАРОДНИЙ ФРОНТ"
56	Величкович Микола Романович	Політична партія "НАРОДНИЙ ФРОНТ"
57	Велікін Олег Маркович	ПАРТІЯ "БЛОК ПЕТРА ПОРОШЕНКА"
58	Веселова Наталія Василівна	Політична партія "Об'єднання "САМОПОМІЧ"
59	Висоцький Сергій Віталійович	Політична партія "НАРОДНИЙ ФРОНТ"
60	Вілкул Олександр Юрійович	Політична партія "Опозиційний блок"
61	Вінник Іван Юлійович	Херсонська область
62	Вітко Артем Леонідович	Радикальна Партія Олега Ляшка
63	Власенко Сергій Володимирович	політична партія Всеукраїнське об'єднання "Батьківщина"
64	Вовк Віктор Іванович	Радикальна Партія Олега Ляшка
65	Вознюк Юрій Володимирович	Рівненська область
66	Войцеховська Світлана Михайлівна	Політична партія "НАРОДНИЙ ФРОНТ"
67	Войціцька Вікторія Михайлівна	Політична партія "Об'єднання "САМОПОМІЧ"
68	Воропаєв Юрій Миколайович	Політична партія "Опозиційний блок"
69	Гаврилюк Михайло Віталійович	Київська область
70	Галасюк Віктор Валерійович	Радикальна Партія Олега Ляшка
71	Гальченко Андрій Володимирович	Дніпропетровська область
72	Герасимов Артур Володимирович	ПАРТІЯ "БЛОК ПЕТРА ПОРОШЕНКА"
73	Геращенко Антон Юрійович	Політична партія "НАРОДНИЙ ФРОНТ"
74	Геращенко Ірина Володимирівна	ПАРТІЯ "БЛОК ПЕТРА ПОРОШЕНКА"
75	Герега Олександр Володимирович	Хмельницька область
76	Гєллєр Євгеній Борисович	Донецька область
77	Гіршфельд Анатолій Мусійович	Харківська область
78	Головко Михайло Йосифович	Тернопільська область
79	Голуб Владислав Володимирович	Черкаська область
80	Голубов Дмитро Іванович	Одеська область
81	Гончаренко Олексій Олексійович	ПАРТІЯ "БЛОК ПЕТРА ПОРОШЕНКА"
82	Гопко Ганна Миколаївна	Політична партія "Об'єднання "САМОПОМІЧ"
83	Горбунов Олександр Володимирович	Політична партія "НАРОДНИЙ ФРОНТ"
84	Горват Роберт Іванович	Закарпатська область
85	Грановський Олександр Михайлович	ПАРТІЯ "БЛОК ПЕТРА ПОРОШЕНКА"
86	Гринів Ігор Олексійович	ПАРТІЯ "БЛОК ПЕТРА ПОРОШЕНКА"
87	Гудзенко Віталій Іванович	Київська область
88	Гузь Ігор Володимирович	Волинська область
89	Гуляєв Василь Олександрович	Одеська область
90	Гусак Володимир Георгійович	Політична партія "Опозиційний блок"
91	Давиденко Валерій Миколайович	Чернігівська область
92	Данілін Владислав Юрійович	Політична партія "НАРОДНИЙ ФРОНТ"
93	Данченко Олександр Іванович	Політична партія "Об'єднання "САМОПОМІЧ"
94	Дейдей Євген Сергійович	Політична партія "НАРОДНИЙ ФРОНТ"
95	Демчак Руслан Євгенійович	Вінницька область
96	Денисенко Анатолій Петрович	Харківська область
97	Денисенко Андрій Сергійович	Дніпропетровська область
98	Денисенко Вадим Ігорович	ПАРТІЯ "БЛОК ПЕТРА ПОРОШЕНКА"
99	Денісова Людмила Леонтіївна	Політична партія "НАРОДНИЙ ФРОНТ"
100	Дерев’янко Юрій Богданович	Івано-Франківська область
101	Деркач Андрій Леонідович	Сумська область
102	Дехтярчук Олександр Володимирович	Рівненська область
103	Джемілєв Мустафа	ПАРТІЯ "БЛОК ПЕТРА ПОРОШЕНКА"
104	Дзензерський Денис Вікторович	Політична партія "НАРОДНИЙ ФРОНТ"
105	Дзюблик Павло Володимирович	Житомирська область
106	Дирів Анатолій Борисович	Івано-Франківська область
107	Діденко Ігор Анатолійович	Політична партія "Об'єднання "САМОПОМІЧ"
108	Дідич Валентин Володимирович	Дніпропетровська область
109	Дмитренко Олег Миколайович	Чернігівська область
110	Добкін Дмитро Маркович	Харківська область
111	Добкін Михайло Маркович	Політична партія "Опозиційний блок"
112	Добродомов Дмитро Євгенович	Львівська область
113	Довбенко Михайло Володимирович	Івано-Франківська область
114	Довгий Олесь Станіславович	Кіровоградська область
115	Долженков Олександр Валерійович	Політична партія "Опозиційний блок"
116	Домбровський Олександр Георгійович	Вінницька область
117	Донець Тетяна Анатоліївна	Політична партія "НАРОДНИЙ ФРОНТ"
118	Драюк Сергій Євсейович	Політична партія "НАРОДНИЙ ФРОНТ"
119	Дроздик Олександр Валерійович	Політична партія "НАРОДНИЙ ФРОНТ"
120	Дубіль Валерій Олександрович	політична партія Всеукраїнське об'єднання "Батьківщина"
121	Дубінін Олександр Іванович	Дніпропетровська область
122	Дубневич Богдан Васильович	Львівська область
123	Дубневич Ярослав Васильович	Львівська область
124	Дунаєв Сергій Володимирович	Луганська область
125	Євлахов Анатолій Сергійович	Чернігівська область
126	Євтушок Сергій Миколайович	Рівненська область
127	Єдаков Ярослав Юрійович	Політична партія "НАРОДНИЙ ФРОНТ"
128	Єднак Остап Володимирович	Політична партія "Об'єднання "САМОПОМІЧ"
129	Єленський Віктор Євгенович	Політична партія "НАРОДНИЙ ФРОНТ"
130	Ємець Леонід Олександрович	м. Київ
131	Єфімов Максим Вікторович	Донецька область
132	Єфремова Ірина Олексіївна	Політична партія "НАРОДНИЙ ФРОНТ"
133	Жеваго Костянтин Валентинович	Полтавська область
134	Жолобецький Олександр Олександрович	Миколаївська область
135	Журжій Андрій Валерійович	Політична партія "Об'єднання "САМОПОМІЧ"
136	Заболотний Григорій Михайлович	ПАРТІЯ "БЛОК ПЕТРА ПОРОШЕНКА"
137	Загорій Гліб Володимирович	ПАРТІЯ "БЛОК ПЕТРА ПОРОШЕНКА"
138	Заліщук Світлана Петрівна	ПАРТІЯ "БЛОК ПЕТРА ПОРОШЕНКА"
139	Заставний Роман Йосипович	Політична партія "НАРОДНИЙ ФРОНТ"
140	Звягільський Юхим Леонідович	Донецька область
141	Зубач Любомир Львович	Політична партія "Об'єднання "САМОПОМІЧ"
142	Зубик Володимир Володимирович	Черкаська область
143	Іванчук Андрій Володимирович	Політична партія "НАРОДНИЙ ФРОНТ"
144	Івахів Степан Петрович	Волинська область
145	Івченко Вадим Євгенович	політична партія Всеукраїнське об'єднання "Батьківщина"
146	Іллєнко Андрій Юрійович	м. Київ
147	Ільюк Артем Олександрович	Миколаївська область
148	Іонова Марія Миколаївна	ПАРТІЯ "БЛОК ПЕТРА ПОРОШЕНКА"
149	Іоффе Юлій Якович	Луганська область
150	Іщейкін Костянтин Євгенович	Полтавська область
151	Іщенко Валерій Олександрович	ПАРТІЯ "БЛОК ПЕТРА ПОРОШЕНКА"
152	Кадикало Микола Олегович	Політична партія "НАРОДНИЙ ФРОНТ"
153	Каплін Сергій Миколайович	Полтавська область
154	Карпунцов Валерій Віталійович	ПАРТІЯ "БЛОК ПЕТРА ПОРОШЕНКА"
155	Кацер-Бучковська Наталія Володимирівна	Політична партія "НАРОДНИЙ ФРОНТ"
156	Кацуба Володимир Михайлович	Харківська область
157	Кириленко Іван Григорович	політична партія Всеукраїнське об'єднання "Батьківщина"
158	Кириченко Олексій Миколайович	Радикальна Партія Олега Ляшка
159	Кишкар Павло Миколайович	Політична партія "Об'єднання "САМОПОМІЧ"
160	Ківалов Сергій Васильович	Одеська область
161	Кіраль Сергій Іванович	Політична партія "Об'єднання "САМОПОМІЧ"
162	Кірш Олександр Вікторович	Харківська область
163	Кісельов Андрій Миколайович	Політична партія "Опозиційний блок"
164	Кіссе Антон Іванович	Одеська область
165	Кіт Андрій Богданович	Львівська область
166	Клімов Леонід Михайлович	Одеська область
167	Клюєв Сергій Петрович	Донецька область
168	Княжицький Микола Леонідович	Політична партія "НАРОДНИЙ ФРОНТ"
169	Князевич Руслан Петрович	ПАРТІЯ "БЛОК ПЕТРА ПОРОШЕНКА"
170	Кобцев Михайло Валентинович	ПАРТІЯ "БЛОК ПЕТРА ПОРОШЕНКА"
171	Кодола Олександр Михайлович	Чернігівська область
172	Кожем’якін Андрій Анатолійович	політична партія Всеукраїнське об'єднання "Батьківщина"
173	Козак Тарас Романович	Політична партія "Опозиційний блок"
174	Козаченко Леонід Петрович	ПАРТІЯ "БЛОК ПЕТРА ПОРОШЕНКА"
175	Козир Борис Юрійович	Миколаївська область
176	Колганова Олена Валеріївна	Політична партія "НАРОДНИЙ ФРОНТ"
177	Колєсніков Дмитро Валерійович	Політична партія "Опозиційний блок"
178	Кондратюк Олена Костянтинівна	політична партія Всеукраїнське об'єднання "Батьківщина"
179	Кононенко Ігор Віталійович	ПАРТІЯ "БЛОК ПЕТРА ПОРОШЕНКА"
180	Констанкевич Ірина Мирославівна	Волинська область
181	Константіновський Вячеслав Леонідович	м. Київ
182	Корнацький Аркадій Олексійович	Миколаївська область
183	Королевська Наталія Юріївна	Політична партія "Опозиційний блок"
184	Король Віктор Миколайович	ПАРТІЯ "БЛОК ПЕТРА ПОРОШЕНКА"
185	Корчик Віталій Андрійович	Політична партія "НАРОДНИЙ ФРОНТ"
186	Корчинська Оксана Анатоліївна	Радикальна Партія Олега Ляшка
187	Костенко Павло Петрович	Політична партія "Об'єднання "САМОПОМІЧ"
188	Котвіцький Ігор Олександрович	Політична партія "НАРОДНИЙ ФРОНТ"
189	Кошелєва Альона Володимирівна	Радикальна Партія Олега Ляшка
190	Кремінь Тарас Дмитрович	Політична партія "НАРОДНИЙ ФРОНТ"
191	Кривенко Вадим Валерійович	Політична партія "НАРОДНИЙ ФРОНТ"
192	Кривенко Віктор Миколайович	Політична партія "Об'єднання "САМОПОМІЧ"
193	Кривохатько Вадим Вікторович	Запорізька область
194	Кривошея Геннадій Григорович	Політична партія "НАРОДНИЙ ФРОНТ"
195	Кришин Олег Юрійович	Дніпропетровська область
196	Крулько Іван Іванович	політична партія Всеукраїнське об'єднання "Батьківщина"
197	Ксенжук Олександр Степанович	Політична партія "НАРОДНИЙ ФРОНТ"
198	Кудлаєнко Сергій Володимирович	ПАРТІЯ "БЛОК ПЕТРА ПОРОШЕНКА"
199	Кужель Олександра Володимирівна	політична партія Всеукраїнське об'єднання "Батьківщина"
200	Кузьменко Анатолій Іванович	Кіровоградська область
201	Кулініч Олег Іванович	Полтавська область
202	Куліченко Іван Іванович	Дніпропетровська область
203	Куніцин Сергій Володимирович	ПАРТІЯ "БЛОК ПЕТРА ПОРОШЕНКА"
204	Купрієнко Олег Васильович	Радикальна Партія Олега Ляшка
205	Купрій Віталій Миколайович	Дніпропетровська область
206	Курило Віталій Семенович	Луганська область
207	Курячий Максим Павлович	Дніпропетровська область
208	Кучер Микола Іванович	Вінницька область
209	Лабазюк Сергій Петрович	Хмельницька область
210	Лаврик Микола Іванович	Сумська область
211	Лаврик Олег Васильович	Політична партія "Об'єднання "САМОПОМІЧ"
212	Ланьо Михайло Іванович	Закарпатська область
213	Лапін Ігор Олександрович	Волинська область
214	Ларін Сергій Миколайович	Політична партія "Опозиційний блок"
215	Левус Андрій Мар’янович	Політична партія "НАРОДНИЙ ФРОНТ"
216	Левченко Юрій Володимирович	м. Київ
217	Ледовських Олена Володимирівна	Політична партія "НАРОДНИЙ ФРОНТ"
218	Ленський Олексій Олексійович	Радикальна Партія Олега Ляшка
219	Лесюк Ярослав Васильович	ПАРТІЯ "БЛОК ПЕТРА ПОРОШЕНКА"
220	Лещенко Сергій Анатолійович	ПАРТІЯ "БЛОК ПЕТРА ПОРОШЕНКА"
221	Литвин Володимир Михайлович	Житомирська область
222	Лівік Олександр Петрович	Миколаївська область
223	Лінько Дмитро Володимирович	Радикальна Партія Олега Ляшка
224	Логвинський Георгій Володимирович	Політична партія "НАРОДНИЙ ФРОНТ"
225	Лозовой Андрій Сергійович	Радикальна Партія Олега Ляшка
226	Лопушанський Андрій Ярославович	Львівська область
227	Лубінець Дмитро Валерійович	Донецька область
228	Лук’янчук Руслан Валерійович	Політична партія "НАРОДНИЙ ФРОНТ"
229	Лунченко Валерій Валерійович	Політична партія "НАРОДНИЙ ФРОНТ"
230	Луценко Ігор Вікторович	політична партія Всеукраїнське об'єднання "Батьківщина"
231	Луценко Ірина Степанівна	ПАРТІЯ "БЛОК ПЕТРА ПОРОШЕНКА"
232	Льовочкін Сергій Володимирович	Політична партія "Опозиційний блок"
233	Льовочкіна Юлія Володимирівна	Політична партія "Опозиційний блок"
234	Люшняк Микола Володимирович	Тернопільська область
235	Ляшко Олег Валерійович	Радикальна Партія Олега Ляшка
236	Макар’ян Давид Борисович	ПАРТІЯ "БЛОК ПЕТРА ПОРОШЕНКА"
237	Македон Юрій Миколайович	Вінницька область
238	Мамчур Юлій Валерійович	ПАРТІЯ "БЛОК ПЕТРА ПОРОШЕНКА"
239	Маркевич Ярослав Володимирович	Політична партія "Об'єднання "САМОПОМІЧ"
240	Мартиняк Сергій Васильович	Волинська область
241	Мартовицький Артур Володимирович	Дніпропетровська область
242	Марченко Олександр Олександрович	Київська область
243	Масоріна Олена Сергіївна	Політична партія "НАРОДНИЙ ФРОНТ"
244	Матвієнко Анатолій Сергійович	ПАРТІЯ "БЛОК ПЕТРА ПОРОШЕНКА"
245	Матвієнков Сергій Анатолійович	Донецька область
246	Матвійчук Едуард Леонідович	Одеська область
247	Матейченко Костянтин Володимирович	Політична партія "НАРОДНИЙ ФРОНТ"
248	Матіос Марія Василівна	ПАРТІЯ "БЛОК ПЕТРА ПОРОШЕНКА"
249	Матківський Богдан Миронович	Львівська область
250	Матузко Олена Олександрівна	ПАРТІЯ "БЛОК ПЕТРА ПОРОШЕНКА"
251	Мацола Роман Миколайович	Хмельницька область
252	Медуниця Олег Вячеславович	Сумська область
253	Мельник Сергій Іванович	Хмельницька область
254	Мельниченко Володимир Володимирович	Хмельницька область
255	Мельничук Іван Іванович	Вінницька область
256	Мельничук Сергій Петрович	Радикальна Партія Олега Ляшка
257	Мепарішвілі Хвича Нодарович	Політична партія "НАРОДНИЙ ФРОНТ"
258	Микитась Максим Вікторович	Чернігівська область
259	Мирний Іван Миколайович	Політична партія "Опозиційний блок"
260	Мисик Володимир Юрійович	Харківська область
261	Мірошниченко Юрій Романович	Політична партія "Опозиційний блок"
262	Мірошніченко Іван Володимирович	Політична партія "Об'єднання "САМОПОМІЧ"
263	Міщенко Сергій Григорович	Київська область
264	Молоток Ігор Федорович	Сумська область
265	Мороко Юрій Миколайович	Політична партія "Опозиційний блок"
266	Мосійчук Ігор Володимирович	Радикальна Партія Олега Ляшка
267	Москаленко Ярослав Миколайович	Київська область
268	Мураєв Євгеній Володимирович	Харківська область
269	Мусій Олег Степанович	Львівська область
270	Мушак Олексій Петрович	ПАРТІЯ "БЛОК ПЕТРА ПОРОШЕНКА"
271	Найєм Мустафа-Масі	ПАРТІЯ "БЛОК ПЕТРА ПОРОШЕНКА"
272	Негой Федір Федорович	Херсонська область
273	Недава Олег Анатолійович	Донецька область
274	Немировський Андрій Валентинович	Політична партія "Об'єднання "САМОПОМІЧ"
275	Немиря Григорій Михайлович	політична партія Всеукраїнське об'єднання "Батьківщина"
276	Нестеренко Вадим Григорович	Дніпропетровська область
277	Нечаєв Олександр Ігоревич	Політична партія "Опозиційний блок"
278	Ничипоренко Валентин Миколайович	Черкаська область
279	Німченко Василь Іванович	Політична партія "Опозиційний блок"
280	Новак Наталія Василівна	ПАРТІЯ "БЛОК ПЕТРА ПОРОШЕНКА"
281	Новинський Вадим Владиславович	Політична партія "Опозиційний блок"
282	Одарченко Юрій Віталійович	Херсонська область
283	Омельянович Денис Сергійович	Донецька область
284	Онищенко Олександр Романович	Київська область
285	Онуфрик Богдан Семенович	ПАРТІЯ "БЛОК ПЕТРА ПОРОШЕНКА"
286	Опанасенко Олександр Валерійович	Політична партія "Об'єднання "САМОПОМІЧ"
287	Остапчук Віктор Миколайович	Харківська область
288	Острікова Тетяна Георгіївна	Політична партія "Об'єднання "САМОПОМІЧ"
289	Осуховський Олег Іванович	Рівненська область
290	Павелко Андрій Васильович	ПАРТІЯ "БЛОК ПЕТРА ПОРОШЕНКА"
291	Павленко Юрій Олексійович	Політична партія "Опозиційний блок"
292	Павлов Костянтин Юрійович	Дніпропетровська область
293	Паламарчук Микола Петрович	ПАРТІЯ "БЛОК ПЕТРА ПОРОШЕНКА"
294	Палатний Артур Леонідович	ПАРТІЯ "БЛОК ПЕТРА ПОРОШЕНКА"
295	Папієв Михайло Миколайович	Політична партія "Опозиційний блок"
296	Парасюк Володимир Зіновійович	Львівська область
297	Парубій Андрій Володимирович	Політична партія "НАРОДНИЙ ФРОНТ"
298	Пастух Тарас Тимофійович	Тернопільська область
299	Пацкан Валерій Васильович	ПАРТІЯ "БЛОК ПЕТРА ПОРОШЕНКА"
300	Пашинський Сергій Володимирович	Політична партія "НАРОДНИЙ ФРОНТ"
301	Петренко Олег Миколайович	Черкаська область
302	Петьовка Василь Васильович	Закарпатська область
303	Пинзеник Віктор Михайлович	ПАРТІЯ "БЛОК ПЕТРА ПОРОШЕНКА"
304	Пинзеник Павло Васильович	Політична партія "НАРОДНИЙ ФРОНТ"
305	Писаренко Валерій Володимирович	Харківська область
306	Підберезняк Вадим Іванович	Політична партія "НАРОДНИЙ ФРОНТ"
307	Підлісецький Лев Теофілович	Політична партія "Об'єднання "САМОПОМІЧ"
308	Побер Ігор Миколайович	ПАРТІЯ "БЛОК ПЕТРА ПОРОШЕНКА"
309	Подоляк Ірина Ігорівна	Львівська область
310	Поляков Максим Анатолійович	Політична партія "НАРОДНИЙ ФРОНТ"
311	Помазанов Андрій Віталійович	Політична партія "НАРОДНИЙ ФРОНТ"
312	Пономарьов Олександр Сергійович	Запорізька область
313	Поплавський Михайло Михайлович	Кіровоградська область
314	Попов Ігор Володимирович	Радикальна Партія Олега Ляшка
315	Порошенко Олексій Петрович	Вінницька область
316	Пресман Олександр Семенович	Одеська область
317	Присяжнюк Олександр Анатолійович	Політична партія "НАРОДНИЙ ФРОНТ"
318	Продан Оксана Петрівна	ПАРТІЯ "БЛОК ПЕТРА ПОРОШЕНКА"
319	Пташник Вікторія Юріївна	Політична партія "Об'єднання "САМОПОМІЧ"
320	Рабінович Вадим Зіновійович	Політична партія "Опозиційний блок"
321	Развадовський Віктор Йосипович	Житомирська область
322	Ревега Олександр Васильович	Житомирська область
323	Река Андрій Олександрович	Полтавська область
324	Рибак Іван Петрович	Чернівецька область
325	Рибалка Сергій Вікторович	Радикальна Партія Олега Ляшка
326	Рибчинський Євген Юрійович	м. Київ
327	Ричкова Тетяна Борисівна	Дніпропетровська область
328	Різаненко Павло Олександрович	Київська область
329	Розенблат Борислав Соломонович	Житомирська область
330	Романова Анна Анатоліївна	Політична партія "Об'єднання "САМОПОМІЧ"
331	Романовський Олександр Володимирович	Політична партія "НАРОДНИЙ ФРОНТ"
332	Романюк Віктор Миколайович	Київська область
333	Романюк Роман Сергійович	ПАРТІЯ "БЛОК ПЕТРА ПОРОШЕНКА"
334	Рудик Сергій Ярославович	Черкаська область
335	Рябчин Олексій Михайлович	політична партія Всеукраїнське об'єднання "Батьківщина"
336	Сабашук Петро Павлович	Запорізька область
337	Саврасов Максим Віталійович	ПАРТІЯ "БЛОК ПЕТРА ПОРОШЕНКА"
338	Савченко Надія Вікторівна	політична партія Всеукраїнське об'єднання "Батьківщина"
339	Савченко Олексій Юрійович	ПАРТІЯ "БЛОК ПЕТРА ПОРОШЕНКА"
340	Савчук Юрій Петрович	Політична партія "НАРОДНИЙ ФРОНТ"
341	Сажко Сергій Миколайович	Донецька область
342	Святаш Дмитро Володимирович	Харківська область
343	Севрюков Владислав Володимирович	ПАРТІЯ "БЛОК ПЕТРА ПОРОШЕНКА"
344	Семенуха Роман Сергійович	Політична партія "Об'єднання "САМОПОМІЧ"
345	Семенченко Семен Ігорович	Політична партія "Об'єднання "САМОПОМІЧ"
346	Сидорович Руслан Михайлович	Політична партія "Об'єднання "САМОПОМІЧ"
347	Сидорчук Вадим Васильович	Політична партія "НАРОДНИЙ ФРОНТ"
348	Силантьєв Денис Олегович	Радикальна Партія Олега Ляшка
349	Сироїд Оксана Іванівна	Політична партія "Об'єднання "САМОПОМІЧ"
350	Сисоєнко Ірина Володимирівна	Політична партія "Об'єднання "САМОПОМІЧ"
351	Скорик Микола Леонідович	Політична партія "Опозиційний блок"
352	Скрипник Олексій Олексійович	Політична партія "Об'єднання "САМОПОМІЧ"
353	Скуратовський Сергій Іванович	Радикальна Партія Олега Ляшка
354	Соболєв Єгор Вікторович	Політична партія "Об'єднання "САМОПОМІЧ"
355	Соболєв Сергій Владиславович	політична партія Всеукраїнське об'єднання "Батьківщина"
356	Соловей Юрій Ігорович	Івано-Франківська область
357	Солод Юрій Васильович	Донецька область
358	Сольвар Руслан Миколайович	Київська область
359	Соляр Володимир Миронович	Політична партія "НАРОДНИЙ ФРОНТ"
360	Сотник Олена Сергіївна	Політична партія "Об'єднання "САМОПОМІЧ"
361	Сочка Олександр Олександрович	Політична партія "НАРОДНИЙ ФРОНТ"
362	Співаковський Олександр Володимирович	Херсонська область
363	Спориш Іван Дмитрович	Вінницька область
364	Сташук Віталій Филимонович	м. Київ
365	Стеценко Дмитро Олександрович	Політична партія "НАРОДНИЙ ФРОНТ"
366	Сугоняко Олександр Леонідович	Сумська область
367	Супруненко Олександр Іванович	м. Київ
368	Суслова Ірина Миколаївна	Політична партія "Об'єднання "САМОПОМІЧ"
369	Сюмар Вікторія Петрівна	Політична партія "НАРОДНИЙ ФРОНТ"
370	Тарасюк Борис Іванович	політична партія Всеукраїнське об'єднання "Батьківщина"
371	Тарута Сергій Олексійович	Донецька область
372	Тетерук Андрій Анатолійович	Політична партія "НАРОДНИЙ ФРОНТ"
373	Тимошенко Юлія Володимирівна	політична партія Всеукраїнське об'єднання "Батьківщина"
374	Тимчук Дмитро Борисович	Політична партія "НАРОДНИЙ ФРОНТ"
375	Тіміш Григорій Іванович	Чернівецька область
376	Ткачук Геннадій Віталійович	ПАРТІЯ "БЛОК ПЕТРА ПОРОШЕНКА"
377	Третьяков Олександр Юрійович	м. Київ
378	Тригубенко Сергій Миколайович	ПАРТІЯ "БЛОК ПЕТРА ПОРОШЕНКА"
379	Унгурян Павло Якимович	Політична партія "НАРОДНИЙ ФРОНТ"
380	Урбанський Олександр Ігорович	Одеська область
381	Усов Костянтин Глібович	Дніпропетровська область
382	Фаєрмарк Сергій Олександрович	Політична партія "НАРОДНИЙ ФРОНТ"
383	Федорук Микола Трохимович	Чернівецька область
384	Фельдман Олександр Борисович	Харківська область
385	Фріз Ірина Василівна	ПАРТІЯ "БЛОК ПЕТРА ПОРОШЕНКА"
386	Фролов Микола Олександрович	Запорізька область
387	Фурсін Іван Геннадійович	Одеська область
388	Хлань Сергій Володимирович	Херсонська область
389	Хміль Михайло Михайлович	Політична партія "НАРОДНИЙ ФРОНТ"
390	Хомутиннік Віталій Юрійович	Харківська область
391	Чекіта Геннадій Леонідович	Одеська область
392	Чепинога Віталій Михайлович	ПАРТІЯ "БЛОК ПЕТРА ПОРОШЕНКА"
393	Червакова Ольга Валеріївна	ПАРТІЯ "БЛОК ПЕТРА ПОРОШЕНКА"
394	Черненко Олександр Миколайович	ПАРТІЯ "БЛОК ПЕТРА ПОРОШЕНКА"
395	Чижмарь Юрій Васильович	Радикальна Партія Олега Ляшка
396	Чорновол Тетяна Миколаївна	Політична партія "НАРОДНИЙ ФРОНТ"
397	Чубаров Рефат Абдурахманович	ПАРТІЯ "БЛОК ПЕТРА ПОРОШЕНКА"
398	Чумак Віктор Васильович	м. Київ
399	Шаповалов Юрій Анатолійович	Полтавська область
400	Шахов Сергій Володимирович	Луганська область
401	Шверк Григорій Аронович	ПАРТІЯ "БЛОК ПЕТРА ПОРОШЕНКА"
402	Шевченко Віктор Леонідович	Івано-Франківська область
403	Шевченко Олександр Леонідович	Івано-Франківська область
404	Шенцев Дмитро Олексійович	Харківська область
405	Шинькович Андрій Васильович	Хмельницька область
406	Шипко Андрій Федорович	Дніпропетровська область
407	Шкварилюк Володимир Васильович	Політична партія "НАРОДНИЙ ФРОНТ"
408	Шкіря Ігор Миколайович	Донецька область
409	Шкрум Альона Іванівна	політична партія Всеукраїнське об'єднання "Батьківщина"
410	Шпенов Дмитро Юрійович	Дніпропетровська область
411	Шурма Ігор Михайлович	Політична партія "Опозиційний блок"
412	Шуфрич Нестор Іванович	Політична партія "Опозиційний блок"
413	Шухевич Юрій-Богдан Романович	Радикальна Партія Олега Ляшка
414	Южаніна Ніна Петрівна	ПАРТІЯ "БЛОК ПЕТРА ПОРОШЕНКА"
415	Юзькова Тетяна Леонідівна	Радикальна Партія Олега Ляшка
416	Юрик Тарас Зіновійович	Тернопільська область
417	Юринець Оксана Василівна	Львівська область
418	Юрчишин Петро Васильович	Вінницька область
419	Яніцький Василь Петрович	Рівненська область
420	Яриніч Костянтин Володимирович	Кіровоградська область
421	Ярош Дмитро Анатолійович	Дніпропетровська область
422	Яценко Антон Володимирович	Черкаська область
423	Атрошенко Владислав Анатолійович	Чернігівська область
424	Барна Степан Степанович	ПАРТІЯ "БЛОК ПЕТРА ПОРОШЕНКА"
425	Гарбуз Юрій Григорійович	Луганська область
426	Гвоздьов Михайло Олексійович	ПАРТІЯ "БЛОК ПЕТРА ПОРОШЕНКА"
427	Гордєєв Андрій Анатолійович	Херсонська область
428	Гриневич Лілія Михайлівна	Політична партія "НАРОДНИЙ ФРОНТ"
429	Гройсман Володимир Борисович	ПАРТІЯ "БЛОК ПЕТРА ПОРОШЕНКА"
430	Єремеєв Ігор Миронович	Волинська область
431	Климпуш-Цинцадзе Іванна Орестівна	ПАРТІЯ "БЛОК ПЕТРА ПОРОШЕНКА"
432	Кубів Степан Іванович	ПАРТІЯ "БЛОК ПЕТРА ПОРОШЕНКА"
433	Куліч Валерій Петрович	Чернігівська область
434	Кутовий Тарас Вікторович	Полтавська область
435	Луценко Юрій Віталійович	ПАРТІЯ "БЛОК ПЕТРА ПОРОШЕНКА"
436	Мартиненко Микола Володимирович	Політична партія "НАРОДНИЙ ФРОНТ"
437	Мірошник Андрій Миколайович	Політична партія "Об'єднання "САМОПОМІЧ"
438	Насалик Ігор Степанович	Івано-Франківська область
439	Насіров Роман Михайлович	ПАРТІЯ "БЛОК ПЕТРА ПОРОШЕНКА"
440	Огнєвіч Злата Леонідівна	Радикальна Партія Олега Ляшка
441	Семерак Остап Михайлович	Політична партія "НАРОДНИЙ ФРОНТ"
442	Сторожук Дмитро Анатолійович	Політична партія "НАРОДНИЙ ФРОНТ"
443	Томенко Микола Володимирович	ПАРТІЯ "БЛОК ПЕТРА ПОРОШЕНКА"
444	Філатов Борис Альбертович	Дніпропетровська область
445	Фірсов Єгор Павлович	ПАРТІЯ "БЛОК ПЕТРА ПОРОШЕНКА"
446	Шлемко Дмитро Васильович	політична партія Всеукраїнське об'єднання "Батьківщина"
447	Бендюженко Федір Володимирович	Політична партія "НАРОДНИЙ ФРОНТ"
448	Буглак Юрій Олександрович	ПАРТІЯ "БЛОК ПЕТРА ПОРОШЕНКА"
449	Заружко Валерія Леонідівна	Радикальна Партія Олега Ляшка
450	Бордюг І.Л.	ВРУ
451	Ковальчук Віталій Анатолійович	ПАРТІЯ "БЛОК ПЕТРА ПОРОШЕНКА"
452	Павленко Ростислав Миколайович	ПАРТІЯ "БЛОК ПЕТРА ПОРОШЕНКА"
453	Турчинов Олександр Валентинович	Політична партія "НАРОДНИЙ ФРОНТ"